series_id,t,y
series_0,0,9.425692206918646
series_0,1,10.468998545628864
series_0,2,12.524498782154998
series_0,3,13.88592163761368
series_0,4,13.608311517466156
series_0,5,12.457689356069665
series_0,6,10.899419900670983
series_0,7,8.520769392166224
series_0,8,7.621680606516881
series_0,9,7.521920839149736
series_0,10,9.23563198721314
series_0,11,10.351827231397243
series_0,12,10.080157817572625
series_0,13,12.259634889389826
series_0,14,13.116689980235032
series_0,15,13.19015162211238
series_0,16,13.729493619357694
series_0,17,13.567404373262598
series_0,18,12.590122438644606
series_0,19,10.03815902913804
series_0,20,8.866296677592986
series_0,21,8.930163049091416
series_0,22,10.029905152814354
series_0,23,10.234881748910254
series_0,24,11.411027864665511
series_0,25,11.934729292160462
series_0,26,12.428961024670281
series_0,27,14.154813599887804
series_0,28,14.954752929020199
series_0,29,13.449683672181857
series_0,30,12.716487936984297
series_0,31,11.19392541618662
series_0,32,9.32623664718396
series_0,33,9.322258192634653
series_0,34,10.812720845607284
series_0,35,11.124909951197102
series_0,36,13.402192423939473
series_0,37,11.885689514063902
series_0,38,14.147611850347975
series_0,39,14.59486344769049
series_0,40,13.988234532780766
series_0,41,13.209295669177527
series_0,42,10.328586075159526
series_0,43,9.62071077556885
series_0,44,9.442141283124526
series_0,45,10.405118181930082
series_0,46,9.85855079927442
series_0,47,10.141771854362618
series_0,48,11.369052444250206
series_0,49,13.789527174475811
series_0,50,14.869513809497763
series_0,51,14.605193090841256
series_0,52,14.772991582211707
series_0,53,13.74990501855655
series_0,54,13.103360978885531
series_0,55,10.802672753236774
series_0,56,9.636565671553834
series_0,57,9.139477793515004
series_0,58,8.575902625345147
series_0,59,10.490194708670263
series_0,60,12.289487630608468
series_0,61,13.66797993383767
series_0,62,14.485423031958943
series_0,63,13.827196979851873
series_0,64,13.752175785870039
series_0,65,12.99852198928869
series_0,66,11.426732273185793
series_0,67,10.495801519579281
series_0,68,10.192454572397075
series_0,69,11.379836858908318
series_0,70,11.177233286131646
series_0,71,11.937302203761615
series_0,72,12.90076705774701
series_0,73,12.57530728713817
series_0,74,14.215085795713025
series_0,75,14.997133366448066
series_0,76,16.795296520949183
series_0,77,14.825766846778846
series_0,78,13.386513725409191
series_0,79,11.742481798086
series_0,80,9.710061871529424
series_0,81,10.664684635519098
series_0,82,11.398006533924251
series_0,83,12.608106554742434
series_0,84,12.710103220650472
series_0,85,15.263313449303801
series_0,86,14.63770705399228
series_0,87,15.767080400268739
series_0,88,17.105746600869004
series_0,89,14.477728985970085
series_0,90,12.641417749779926
series_0,91,11.593340255699
series_0,92,10.29450029334695
series_0,93,8.94241789365612
series_0,94,10.088169210265418
series_0,95,10.576076482141902
series_0,96,12.892782324089366
series_0,97,13.629811901593987
series_0,98,16.282004931642383
series_0,99,15.652884642734042
series_0,100,15.166123290947418
series_0,101,15.045165375887944
series_0,102,12.533473857644351
series_0,103,11.769218123114698
series_0,104,11.963742938187515
series_0,105,9.89178453749997
series_0,106,10.80270601209976
series_0,107,12.13378347454807
series_0,108,14.076375484535449
series_0,109,14.11888039470363
series_0,110,14.36878007578233
series_0,111,15.834917528099245
series_0,112,15.885298568573763
series_0,113,15.097107987857274
series_0,114,13.951830875046644
series_0,115,11.908008178556898
series_0,116,11.30535541804728
series_0,117,11.200541739074223
series_0,118,10.891485318696501
series_0,119,13.594097872471565
series_0,120,14.716509601575735
series_0,121,14.61678987123316
series_0,122,16.338058870033873
series_0,123,15.78796294123952
series_0,124,16.38262287932326
series_0,125,16.2109574713168
series_0,126,13.725065008935262
series_0,127,13.234769381121154
series_0,128,12.267076970238673
series_0,129,12.251816058492592
series_0,130,13.654904022726898
series_0,131,13.467148311275496
series_0,132,13.798233897412251
series_0,133,14.511822645820772
series_0,134,15.23534170009978
series_0,135,16.064024563101423
series_0,136,16.29855420119221
series_0,137,15.591440199672856
series_0,138,14.85181820346267
series_0,139,13.1880970904282
series_0,140,13.205070182883997
series_0,141,11.998227224960305
series_0,142,14.311742005341562
series_0,143,14.634042712845837
series_0,144,14.449930780242774
series_0,145,14.834105370644036
series_0,146,16.57060365155899
series_0,147,16.7686417709534
series_0,148,17.09164905458947
series_0,149,16.28935542991052
series_0,150,14.62315059164163
series_0,151,12.511315368577995
series_0,152,10.609143278516147
series_0,153,10.636744179975906
series_0,154,12.244593986520883
series_0,155,13.362875897787342
series_0,156,13.609748830056585
series_0,157,15.523444949102403
series_0,158,16.979776615115288
series_0,159,16.582000753050895
series_0,160,16.67626768377516
series_0,161,15.871605377443421
series_0,162,13.68008276735164
series_0,163,13.115730940046548
series_0,164,12.712525941478722
series_0,165,13.080252884799263
series_0,166,13.798674155233508
series_0,167,13.024594278458311
series_0,168,13.810316978504106
series_0,169,16.03047436456055
series_0,170,17.474949341716012
series_0,171,18.08737689388382
series_0,172,20.545356289864376
series_0,173,18.416847153942207
series_0,174,16.951801664299428
series_0,175,15.418156642250388
series_0,176,14.108039554803048
series_0,177,12.814533565670713
series_0,178,13.554657178128355
series_0,179,13.51156813752423
series_0,180,14.753124345627521
series_0,181,15.848435454891172
series_0,182,17.16464430090536
series_0,183,19.49580420779333
series_0,184,16.828989735416023
series_0,185,16.712374756124383
series_0,186,13.999258744252183
series_0,187,12.876563919229191
series_0,188,13.270254201767722
series_0,189,12.813496074365437
series_0,190,12.214331132028027
series_0,191,12.992420194364685
series_0,192,15.346743868600225
series_0,193,16.08971419814668
series_0,194,17.52695983864102
series_0,195,17.997921329652797
series_0,196,17.154688047423075
series_0,197,18.176928110889108
series_0,198,16.68528996866459
series_0,199,13.155862656335694
series_0,200,12.822612535723252
series_0,201,12.130194074682892
series_0,202,13.533872021607387
series_0,203,13.744203743654767
series_0,204,15.230540877899996
series_0,205,17.147347295955285
series_0,206,18.724196331466132
series_0,207,17.75138832676979
series_0,208,17.41016170984375
series_0,209,16.343822399262866
series_0,210,14.834897528590508
series_0,211,15.358785834106854
series_0,212,14.268886289693329
series_0,213,12.530164296991652
series_0,214,13.923119441466438
series_0,215,16.407291736855235
series_0,216,17.658277099395793
series_0,217,16.91584351267158
series_0,218,17.65378957547846
series_0,219,19.299899888666687
series_1,0,10.078526940174614
series_1,1,11.547610665897693
series_1,2,11.206222749311744
series_1,3,11.509325871606729
series_1,4,8.724653355162229
series_1,5,8.22324604144771
series_1,6,7.991692853373758
series_1,7,6.67560167004514
series_1,8,8.054899530633536
series_1,9,6.636358370973596
series_1,10,6.980557799942627
series_1,11,8.207872432602358
series_1,12,10.553594601879592
series_1,13,10.076148062551495
series_1,14,11.974927202916076
series_1,15,12.04313468376101
series_1,16,10.865616715069088
series_1,17,10.736628532942374
series_1,18,9.90683266309634
series_1,19,8.378592842845444
series_1,20,7.85893129085071
series_1,21,7.355368459303638
series_1,22,7.870765890672279
series_1,23,9.185910395868051
series_1,24,11.276474580079672
series_1,25,10.6843303322576
series_1,26,13.129840838615777
series_1,27,11.189431481470894
series_1,28,11.006958796017946
series_1,29,10.928745874756085
series_1,30,10.094834731895423
series_1,31,8.480525424466032
series_1,32,7.703436768453882
series_1,33,7.177324100380665
series_1,34,7.20266062537516
series_1,35,8.927897582775207
series_1,36,10.13816231368801
series_1,37,10.422317416621834
series_1,38,11.985516220204218
series_1,39,12.295296252241084
series_1,40,12.464584640235381
series_1,41,11.864612637677354
series_1,42,9.787926004486764
series_1,43,8.345277908111706
series_1,44,8.388360045330117
series_1,45,8.486360449143074
series_1,46,8.46862262331029
series_1,47,9.126707981078559
series_1,48,11.001265368184159
series_1,49,11.03959986137734
series_1,50,12.088143679769441
series_1,51,11.954975947889636
series_1,52,11.43428482156742
series_1,53,11.608598028937074
series_1,54,10.957576059679203
series_1,55,10.169470977180962
series_1,56,9.963765084318599
series_1,57,8.990311937529862
series_1,58,9.345651512195934
series_1,59,9.329431752848263
series_1,60,10.367463196489334
series_1,61,11.021905182217024
series_1,62,11.721140731405187
series_1,63,12.370536986567453
series_1,64,11.214093529777289
series_1,65,12.271697367593347
series_1,66,9.905310985883851
series_1,67,7.902434741835348
series_1,68,8.451918569678494
series_1,69,8.678565824032063
series_1,70,9.111139770786112
series_1,71,9.939702026256661
series_1,72,10.478638177157777
series_1,73,10.480760292457843
series_1,74,11.374486296242713
series_1,75,11.142910967777631
series_1,76,11.895753936263745
series_1,77,10.904469019392945
series_1,78,9.210631051382585
series_1,79,8.192300046458497
series_1,80,8.03850651163048
series_1,81,7.343319684394609
series_1,82,7.134692975971737
series_1,83,8.417211824633736
series_1,84,9.749572350972024
series_1,85,10.347428676231019
series_1,86,10.858784015251938
series_1,87,11.556267866419224
series_1,88,10.216071811186684
series_1,89,8.864376829386014
series_1,90,8.042263674485383
series_1,91,7.562180225015684
series_1,92,7.572320732478689
series_1,93,8.691105655639214
series_1,94,9.313682963298309
series_1,95,9.4419495087366
series_1,96,10.174268124897987
series_1,97,10.216832845454924
series_1,98,11.144263151343063
series_1,99,11.319727802833462
series_1,100,11.490843852059367
series_1,101,10.118625873997791
series_1,102,9.809903775492048
series_1,103,10.053113223062292
series_1,104,8.7765808739226
series_1,105,8.578772495680353
series_1,106,9.114390922397602
series_1,107,9.130022235284724
series_1,108,10.180398148470768
series_1,109,11.036699668667003
series_1,110,11.746765298609755
series_1,111,11.307762243036574
series_1,112,11.248888122705202
series_1,113,11.033599473828518
series_1,114,11.123538699434267
series_1,115,10.408365879067542
series_1,116,10.809186787010574
series_1,117,8.900897305323719
series_1,118,9.462756164924869
series_1,119,9.816477002149615
series_1,120,12.18025027380367
series_1,121,11.617162114493294
series_1,122,11.358771776199163
series_1,123,11.211393656394192
series_1,124,9.474728236904491
series_1,125,9.124571133662545
series_1,126,8.182126927776842
series_1,127,7.951466235737874
series_1,128,7.8490163679802345
series_1,129,9.19434671327873
series_1,130,9.710180299131329
series_1,131,9.364841095430611
series_1,132,9.435169555481858
series_1,133,10.968603332672947
series_1,134,10.57842584530556
series_1,135,12.678872931187367
series_1,136,13.026290371050386
series_1,137,11.363853583245442
series_1,138,8.803742357776073
series_1,139,9.301550445902928
series_1,140,8.320482865812396
series_1,141,8.978376835938514
series_1,142,7.545113187448064
series_1,143,8.015789909968285
series_1,144,9.330208906405568
series_1,145,10.551919108001085
series_1,146,11.021605947961046
series_1,147,11.98925713169862
series_1,148,10.807387758735699
series_1,149,10.261019388931853
series_1,150,9.59442598912132
series_1,151,9.121558897048544
series_1,152,8.874406348883525
series_1,153,7.433969999837903
series_1,154,6.6450128383800795
series_1,155,8.966384360171006
series_1,156,10.18202758908263
series_1,157,10.444798906506426
series_1,158,12.560514880160952
series_1,159,12.536456620207215
series_1,160,12.946335463270255
series_1,161,11.751884430613146
series_1,162,12.07010184338513
series_1,163,11.64486667588922
series_1,164,9.665900972972462
series_1,165,9.602995806561125
series_1,166,9.730098915634303
series_1,167,10.94552005862493
series_1,168,10.368638061685473
series_1,169,11.711489887864623
series_1,170,12.951412577658955
series_1,171,11.281957252890226
series_1,172,10.286707840723839
series_1,173,8.430444815234878
series_1,174,8.161840267160828
series_1,175,8.408633089561372
series_1,176,9.075361473109869
series_1,177,8.524854947637579
series_1,178,9.85585695366679
series_1,179,8.82807028295421
series_1,180,8.476159464377606
series_1,181,9.95522501133553
series_1,182,11.332934407184391
series_1,183,11.668766675779299
series_1,184,9.82187191301394
series_1,185,9.707888251492308
series_1,186,8.125500199209938
series_1,187,8.351918046070248
series_1,188,8.13577115831021
series_1,189,7.138277239731778
series_1,190,7.290843343086972
series_1,191,7.507084175837346
series_1,192,8.97814079679652
series_1,193,11.07730738973115
series_1,194,10.933009683513061
series_1,195,11.85554015257954
series_1,196,11.170780597107674
series_1,197,9.98066429744647
series_1,198,9.255645096056135
series_1,199,7.68886628000357
series_1,200,6.994699347683669
series_1,201,6.232239475323998
series_1,202,8.719008719383584
series_1,203,9.26731683403407
series_1,204,9.557920100899139
series_1,205,10.845881040679068
series_1,206,11.493011112922282
series_1,207,11.624835042522186
series_1,208,11.948047827585196
series_1,209,11.704250946715124
series_1,210,9.983687562720773
series_1,211,8.509333881814586
series_1,212,7.727498657020877
series_1,213,5.804866445797598
series_1,214,5.675530550113978
series_1,215,8.459869335830687
series_1,216,10.939760957058184
series_1,217,11.33155380211108
series_1,218,12.347592995065483
series_1,219,12.581568243411764
series_2,0,12.191037005349047
series_2,1,13.98313526145043
series_2,2,14.82114239746494
series_2,3,14.552166259487683
series_2,4,14.96707240551059
series_2,5,12.89317625658493
series_2,6,9.823422517042898
series_2,7,7.7566996206858185
series_2,8,5.794403516059118
series_2,9,7.280291198162839
series_2,10,8.19211034604408
series_2,11,9.356592914699059
series_2,12,12.69846944807415
series_2,13,14.383118788589467
series_2,14,15.086383799128441
series_2,15,17.1880768106245
series_2,16,16.380791509778017
series_2,17,13.291517215102122
series_2,18,10.998088999216948
series_2,19,8.094361242771237
series_2,20,5.716605218260177
series_2,21,6.657175815199994
series_2,22,8.766945958234516
series_2,23,8.508676585939687
series_2,24,11.621434730932105
series_2,25,13.359341327786497
series_2,26,14.967101633595714
series_2,27,15.46359012564653
series_2,28,14.540412877497754
series_2,29,13.392546924002074
series_2,30,10.547678056568193
series_2,31,8.837640820426188
series_2,32,7.119198823632922
series_2,33,6.343378132761664
series_2,34,6.398163038910727
series_2,35,8.172714982497578
series_2,36,11.650701871932448
series_2,37,14.311999538669639
series_2,38,15.000780213551854
series_2,39,16.05026674755487
series_2,40,16.102335076092107
series_2,41,12.704597417637542
series_2,42,11.37203348387881
series_2,43,8.462368503263964
series_2,44,7.474398324379251
series_2,45,6.094627158443291
series_2,46,5.592907384078166
series_2,47,7.006874381364579
series_2,48,10.605536809135595
series_2,49,13.69129455804712
series_2,50,14.813015302443361
series_2,51,16.420336419165075
series_2,52,14.34906202284642
series_2,53,13.256897939816477
series_2,54,10.223461594981138
series_2,55,7.99905838552376
series_2,56,6.876745365978911
series_2,57,5.780399288490983
series_2,58,6.6137861108629865
series_2,59,9.569119151019203
series_2,60,11.219436191516383
series_2,61,14.433323803389069
series_2,62,14.968713096242848
series_2,63,16.4187464612369
series_2,64,16.84975656371968
series_2,65,12.420023464394543
series_2,66,10.216022301693549
series_2,67,8.997908848940687
series_2,68,7.122152892495912
series_2,69,6.889424886878683
series_2,70,6.931088619349742
series_2,71,8.987859330896912
series_2,72,11.326909019298146
series_2,73,14.763827444139313
series_2,74,16.236159368471444
series_2,75,16.82553269862666
series_2,76,15.559743649320442
series_2,77,13.47486888807275
series_2,78,10.977184228431266
series_2,79,9.195999208367592
series_2,80,7.051358787196902
series_2,81,6.81297720918125
series_2,82,9.060830483510173
series_2,83,10.544537565661914
series_2,84,11.874782989771505
series_2,85,15.043610466223024
series_2,86,15.844631004024034
series_2,87,14.776533981668527
series_2,88,14.226037662398527
series_2,89,11.817262856708542
series_2,90,10.352543521618971
series_2,91,8.647134454573967
series_2,92,8.513641404954782
series_2,93,7.486510172701942
series_2,94,7.531967446964093
series_2,95,9.876704240893242
series_2,96,10.100197418161978
series_2,97,13.531663185923414
series_2,98,16.160554395309102
series_2,99,15.3780778433931
series_2,100,16.223483359109412
series_2,101,14.4572069269108
series_2,102,11.448609684003342
series_2,103,9.625933239121926
series_2,104,9.426239509500423
series_2,105,7.77936402148394
series_2,106,8.049878778044041
series_2,107,9.085924027184214
series_2,108,10.870192548224916
series_2,109,14.355401417891496
series_2,110,15.229923571066543
series_2,111,16.239396915079215
series_2,112,15.313342766784263
series_2,113,14.199547267149038
series_2,114,11.956561660112587
series_2,115,10.185716532571739
series_2,116,7.459799098500765
series_2,117,6.596513929703403
series_2,118,6.581702274697633
series_2,119,8.489454560212893
series_2,120,11.615909701475788
series_2,121,14.634309666412248
series_2,122,15.315153145737442
series_2,123,16.933154666816993
series_2,124,17.095360119386527
series_2,125,14.927561226121307
series_2,126,13.521089157239288
series_2,127,9.424158615608695
series_2,128,6.565539010030665
series_2,129,5.0261778330728495
series_2,130,7.909367117363027
series_2,131,9.954663607508813
series_2,132,11.914663132820463
series_2,133,14.399269305436091
series_2,134,15.070952507127057
series_2,135,18.108615200840255
series_2,136,16.635464034144672
series_2,137,14.506695168724493
series_2,138,12.439311355810677
series_2,139,9.984601639254235
series_2,140,7.998778922765437
series_2,141,6.448173989895551
series_2,142,7.716300846014907
series_2,143,10.87318668713158
series_2,144,13.446901694026563
series_2,145,16.123550395545514
series_2,146,16.318147453412546
series_2,147,15.912222787350116
series_2,148,15.511730203188753
series_2,149,14.002433592206478
series_2,150,12.537457665528702
series_2,151,8.306668534688008
series_2,152,8.34514869476
series_2,153,7.121071755722603
series_2,154,7.304087877419185
series_2,155,8.400627045077712
series_2,156,10.008932639131347
series_2,157,14.057221238284647
series_2,158,15.92162967686299
series_2,159,15.521388734539855
series_2,160,14.4281764772089
series_2,161,13.24507123884888
series_2,162,12.692565204227435
series_2,163,9.538155578044481
series_2,164,6.464174315657738
series_2,165,6.265950474886177
series_2,166,7.080880038985236
series_2,167,6.976316210726521
series_2,168,10.699604540771812
series_2,169,13.527999514082444
series_2,170,16.21268004586416
series_2,171,18.17580605045977
series_2,172,17.51876238027072
series_2,173,14.638255973523874
series_2,174,11.086409160125681
series_2,175,11.137027233523199
series_2,176,8.416245832248338
series_2,177,7.326811067484047
series_2,178,7.752021685945102
series_2,179,9.598009427675356
series_2,180,11.766838290998406
series_2,181,13.728803968647352
series_2,182,15.322944842715861
series_2,183,16.309112426690366
series_2,184,15.403940285844051
series_2,185,13.398222104965521
series_2,186,11.545747465496108
series_2,187,9.08955934889111
series_2,188,8.715981167486273
series_2,189,5.341887036098352
series_2,190,7.815171104693201
series_2,191,10.482299802582553
series_2,192,10.620419842825267
series_2,193,13.442563535200392
series_2,194,15.359857242501851
series_2,195,15.24398330128248
series_2,196,14.780145859388211
series_2,197,12.832361970217612
series_2,198,12.639501828938931
series_2,199,10.528403882855564
series_2,200,9.163825514952862
series_2,201,8.250290311968584
series_2,202,7.300536212625586
series_2,203,8.864788783227295
series_2,204,11.998289849908184
series_2,205,13.346748502883669
series_2,206,16.20536509765306
series_2,207,16.55796399956419
series_2,208,15.682976545287485
series_2,209,14.694319249131183
series_2,210,12.40770842490149
series_2,211,9.410934165744415
series_2,212,8.615396586070185
series_2,213,6.5926334321310565
series_2,214,8.00702791517579
series_2,215,10.07970897691942
series_2,216,11.897253429271046
series_2,217,14.561082220678566
series_2,218,15.17192524116356
series_2,219,17.06670747976738
series_3,0,12.627881296400819
series_3,1,14.805832546823572
series_3,2,14.926970882301195
series_3,3,14.197194269054394
series_3,4,13.08060830422651
series_3,5,13.42612206987095
series_3,6,11.535319368998511
series_3,7,12.321672742737945
series_3,8,9.683989745307473
series_3,9,11.231316233866247
series_3,10,11.587500744078548
series_3,11,12.236702006942478
series_3,12,12.922555634237368
series_3,13,14.538632520579585
series_3,14,15.344247654519426
series_3,15,16.53977395907757
series_3,16,16.014144533617515
series_3,17,15.046283393342222
series_3,18,13.391461160626049
series_3,19,12.149855867607144
series_3,20,11.54228944824843
series_3,21,9.785007749781144
series_3,22,9.450134632997289
series_3,23,11.565101048670906
series_3,24,13.113662382377248
series_3,25,14.256858348409574
series_3,26,15.263446335418386
series_3,27,15.94145106749773
series_3,28,15.157530202312442
series_3,29,13.800442934578715
series_3,30,13.080601466011897
series_3,31,11.267967497560528
series_3,32,11.103106234248665
series_3,33,9.562103188162315
series_3,34,11.264990598783577
series_3,35,12.599044582868817
series_3,36,13.919715095901225
series_3,37,15.778541869360042
series_3,38,17.639130455136527
series_3,39,18.09346077497736
series_3,40,15.588407828891066
series_3,41,13.741521273552014
series_3,42,12.444684465992935
series_3,43,11.713439021823495
series_3,44,11.542306151468983
series_3,45,10.691133527670155
series_3,46,11.391411448914775
series_3,47,11.758924746089784
series_3,48,12.733548035836094
series_3,49,13.147801452126531
series_3,50,13.90075303363173
series_3,51,13.806203012728332
series_3,52,13.525734392937556
series_3,53,14.313538449821996
series_3,54,12.619753956308129
series_3,55,13.972667092326043
series_3,56,13.0649757999863
series_3,57,12.478296437215239
series_3,58,11.787612168976306
series_3,59,13.242814776870253
series_3,60,13.795497792833336
series_3,61,15.12704147393729
series_3,62,18.045778332850215
series_3,63,17.590597201133697
series_3,64,17.769044154499166
series_3,65,15.752487765193372
series_3,66,14.355031000666228
series_3,67,14.481646773130885
series_3,68,12.56210661567732
series_3,69,13.509613406191262
series_3,70,13.776697259625417
series_3,71,13.59742638157335
series_3,72,15.053972814989795
series_3,73,16.69277075653507
series_3,74,17.582120025402837
series_3,75,16.166228609962563
series_3,76,15.392312305068092
series_3,77,14.61632244582325
series_3,78,13.637035174836202
series_3,79,13.149571581347834
series_3,80,12.390814821632823
series_3,81,10.938238473786292
series_3,82,11.886207538168136
series_3,83,13.354324154857867
series_3,84,14.895605267860619
series_3,85,16.734694068480447
series_3,86,17.83861391774304
series_3,87,18.01739099724686
series_3,88,17.192196190537025
series_3,89,14.726218435611033
series_3,90,14.171694818657635
series_3,91,13.229398000156182
series_3,92,12.577599111555786
series_3,93,11.166999422713786
series_3,94,10.926639925195865
series_3,95,13.137848701438969
series_3,96,14.333331680073195
series_3,97,16.105506707881965
series_3,98,16.840448387492017
series_3,99,17.077988781080215
series_3,100,17.441662317652803
series_3,101,15.865177241084227
series_3,102,14.711745408641896
series_3,103,13.107179939446292
series_3,104,11.991808236470042
series_3,105,11.615861564428041
series_3,106,12.323092527955426
series_3,107,12.888183329957712
series_3,108,15.264999238455896
series_3,109,15.515412267078649
series_3,110,16.340272685494156
series_3,111,16.433393924180333
series_3,112,17.484822290183672
series_3,113,16.522872671333218
series_3,114,15.951293482810907
series_3,115,13.161422655273126
series_3,116,12.647935468258849
series_3,117,13.064843669414401
series_3,118,13.22154649640443
series_3,119,14.772558590262907
series_3,120,15.142669717291884
series_3,121,17.33757208002592
series_3,122,19.584159237636563
series_3,123,18.683335691664666
series_3,124,17.506885401110782
series_3,125,17.602105233957026
series_3,126,17.157122511186184
series_3,127,14.78232206099347
series_3,128,13.221318325043555
series_3,129,12.563341455879739
series_3,130,11.810283135387293
series_3,131,12.31825096472286
series_3,132,13.201579087472178
series_3,133,14.381099687968964
series_3,134,15.836085846273711
series_3,135,16.760200304890095
series_3,136,17.900716432869224
series_3,137,15.958494844980654
series_3,138,15.66141888061103
series_3,139,14.106994471009225
series_3,140,13.133929946938606
series_3,141,13.330554539290954
series_3,142,12.550517417799146
series_3,143,13.904244146781165
series_3,144,15.238315126545173
series_3,145,16.785407604293113
series_3,146,17.732535054576793
series_3,147,19.841099562713914
series_3,148,18.23157434331883
series_3,149,16.608828234561056
series_3,150,14.861585494822135
series_3,151,13.368117022405542
series_3,152,12.237913100191586
series_3,153,13.213094874860978
series_3,154,14.567290805833155
series_3,155,14.524725587979832
series_3,156,14.905812388916871
series_3,157,16.60962687820007
series_3,158,17.00333477332604
series_3,159,17.96387844666726
series_3,160,17.731269415303178
series_3,161,15.551940589776308
series_3,162,15.96369647661577
series_3,163,16.03186415758941
series_3,164,14.06524238429357
series_3,165,13.210384146647218
series_3,166,13.71708809633478
series_3,167,14.750141083821983
series_3,168,16.305772361832222
series_3,169,18.81881595151594
series_3,170,18.812854639819015
series_3,171,18.06586964645221
series_3,172,16.591705595353247
series_3,173,15.491121353035103
series_3,174,14.718559320724404
series_3,175,15.272844257611428
series_3,176,13.702485592143901
series_3,177,13.52076620494908
series_3,178,13.738265766037436
series_3,179,15.506477909218045
series_3,180,18.356195692130555
series_3,181,18.191049873164566
series_3,182,18.210111225570227
series_3,183,19.2035102447679
series_3,184,19.046657501736423
series_3,185,19.223838049886258
series_3,186,17.721477180827357
series_3,187,15.580031129148177
series_3,188,14.850009619208043
series_3,189,15.041169075313148
series_3,190,15.465000977418967
series_3,191,16.15422086726744
series_3,192,17.672426215317653
series_3,193,19.161673627677626
series_3,194,20.403751013816677
series_3,195,20.38624281986806
series_3,196,19.20302950907124
series_3,197,18.025766216361625
series_3,198,17.492469299129386
series_3,199,15.122893440392923
series_3,200,14.431667505457437
series_3,201,13.62424192279014
series_3,202,13.960891866318219
series_3,203,15.84322161946914
series_3,204,16.827127474742085
series_3,205,17.767858165763574
series_3,206,17.35458915053177
series_3,207,18.522233609724033
series_3,208,18.688947682711348
series_3,209,19.360866597053285
series_3,210,17.216626526997633
series_3,211,15.829999114129667
series_3,212,14.859635515151911
series_3,213,15.541061987777683
series_3,214,15.179061021569042
series_3,215,15.902515979320253
series_3,216,17.258771135558924
series_3,217,18.222595147978435
series_3,218,18.443083503991755
series_3,219,18.854228714557767
series_4,0,8.71048101102448
series_4,1,10.881813017701974
series_4,2,11.694472136265484
series_4,3,13.455758488761083
series_4,4,11.515487262005465
series_4,5,10.318382809614294
series_4,6,9.425987367005941
series_4,7,9.116500822438674
series_4,8,7.291388841252782
series_4,9,6.1480992144354625
series_4,10,8.187664161490517
series_4,11,7.553150315179116
series_4,12,7.669545380281502
series_4,13,10.654728271043187
series_4,14,11.795190822480459
series_4,15,11.792148691715791
series_4,16,12.510497205830745
series_4,17,11.525977483407324
series_4,18,9.346769433248712
series_4,19,6.857501402283596
series_4,20,6.948138507510578
series_4,21,6.99545187155854
series_4,22,7.093523369738284
series_4,23,9.689020930091564
series_4,24,9.719668601298498
series_4,25,10.185719887055308
series_4,26,11.46221528189368
series_4,27,12.460937385885797
series_4,28,12.537558648217548
series_4,29,11.209803688172949
series_4,30,9.976515189063292
series_4,31,7.259680264524489
series_4,32,7.668313896781143
series_4,33,6.834847318722352
series_4,34,8.042864669593104
series_4,35,9.028021602104843
series_4,36,10.662149537481229
series_4,37,12.400585711504105
series_4,38,13.56133484344132
series_4,39,14.139991159309126
series_4,40,14.320422557134446
series_4,41,12.52715613821698
series_4,42,10.991854299516653
series_4,43,8.76490580078112
series_4,44,8.490973682547608
series_4,45,6.836988975884067
series_4,46,8.648929269656442
series_4,47,9.088806726447922
series_4,48,9.241178349482755
series_4,49,11.3807531263946
series_4,50,12.196366633591314
series_4,51,13.660381651328779
series_4,52,12.548503327811213
series_4,53,11.167540284002373
series_4,54,8.277801758011847
series_4,55,7.148999399374732
series_4,56,4.633875872667803
series_4,57,4.202287078158201
series_4,58,6.531119973065157
series_4,59,8.7277502451706
series_4,60,10.600117144654874
series_4,61,11.255674153455017
series_4,62,12.697317460491249
series_4,63,13.298478588778814
series_4,64,12.017431748605205
series_4,65,12.514466924133366
series_4,66,11.236184600456586
series_4,67,8.900621820993424
series_4,68,7.5457045076857225
series_4,69,7.178926102855736
series_4,70,5.865257962636423
series_4,71,7.619899257848764
series_4,72,9.207322708314049
series_4,73,10.575824211104383
series_4,74,12.222004851523868
series_4,75,14.555202826594211
series_4,76,14.155663630724435
series_4,77,12.003155379733084
series_4,78,10.789697969897118
series_4,79,10.027268981748033
series_4,80,8.896441777108567
series_4,81,7.806727633528889
series_4,82,7.359271949309341
series_4,83,9.196080695239477
series_4,84,10.929456823470753
series_4,85,13.029455086348655
series_4,86,14.264196086188043
series_4,87,15.056074537036658
series_4,88,13.528254638562153
series_4,89,13.2521522250647
series_4,90,11.184637040462096
series_4,91,10.827431299058103
series_4,92,8.071447578824968
series_4,93,8.78518325535288
series_4,94,8.59212550494386
series_4,95,8.803061722190987
series_4,96,10.08521470325451
series_4,97,11.684596942831336
series_4,98,13.467699469901898
series_4,99,14.286620667088478
series_4,100,13.163191926381565
series_4,101,12.050663168848406
series_4,102,12.18578621080049
series_4,103,11.117804179359627
series_4,104,9.177975998285856
series_4,105,8.049095359029286
series_4,106,8.212544511242074
series_4,107,9.679517440693001
series_4,108,10.15905464629147
series_4,109,11.830681735303825
series_4,110,11.926045581437583
series_4,111,13.459691866477966
series_4,112,13.776311094677494
series_4,113,12.054286588724782
series_4,114,11.791063810574663
series_4,115,8.6119433835756
series_4,116,6.437725101764106
series_4,117,6.8590454787409465
series_4,118,8.405443542970291
series_4,119,10.692262120487259
series_4,120,11.184640929408438
series_4,121,13.480535260665187
series_4,122,14.129430180182185
series_4,123,14.183783460902216
series_4,124,14.392756514591705
series_4,125,13.335079046860931
series_4,126,9.981899002650929
series_4,127,9.909344345046684
series_4,128,9.432905163093922
series_4,129,7.764345624297963
series_4,130,8.404080949984047
series_4,131,9.797706203496295
series_4,132,11.362206415305204
series_4,133,12.3259447362892
series_4,134,13.092264586830748
series_4,135,13.83064383456472
series_4,136,14.50200128161656
series_4,137,13.361862111989643
series_4,138,11.018234938905012
series_4,139,9.931959955707931
series_4,140,6.119586657085677
series_4,141,7.5523902142391535
series_4,142,6.64564702618015
series_4,143,8.27395334334153
series_4,144,9.539020388135746
series_4,145,10.858850351543712
series_4,146,13.868204006653752
series_4,147,13.930637775746286
series_4,148,13.950065380858868
series_4,149,12.666067972239633
series_4,150,11.399627593616191
series_4,151,9.628589094224587
series_4,152,7.275393777899956
series_4,153,8.07779888979198
series_4,154,7.968377750252807
series_4,155,8.051163403627449
series_4,156,10.036719528893936
series_4,157,13.407039124131929
series_4,158,14.977108998120647
series_4,159,14.649369216982725
series_4,160,13.817997169102195
series_4,161,12.437011137999459
series_4,162,12.620653156698467
series_4,163,10.553342880856839
series_4,164,9.175413590578948
series_4,165,9.131897152431982
series_4,166,9.149960350690357
series_4,167,9.749746011418525
series_4,168,11.14630305726491
series_4,169,12.77298846062133
series_4,170,14.001905600127538
series_4,171,15.071191133359912
series_4,172,14.412105685575268
series_4,173,13.641426545509994
series_4,174,11.566874855427454
series_4,175,9.831433572343858
series_4,176,6.922772018319355
series_4,177,7.950158017066485
series_4,178,8.691602938912931
series_4,179,10.57972632722597
series_4,180,9.467645959061638
series_4,181,13.703071812129274
series_4,182,14.452321969882227
series_4,183,15.66335982798699
series_4,184,13.898630416693448
series_4,185,13.341767292410484
series_4,186,10.693975037327164
series_4,187,8.88247185018118
series_4,188,9.626734963609259
series_4,189,8.501368888741528
series_4,190,8.927480072399511
series_4,191,10.65570404314624
series_4,192,12.277994007214762
series_4,193,13.643772314863616
series_4,194,14.883782290903453
series_4,195,16.97760635013576
series_4,196,15.412656816693135
series_4,197,13.842492699753443
series_4,198,12.690609870207535
series_4,199,11.342057124323285
series_4,200,10.357343856959675
series_4,201,9.595496406734998
series_4,202,8.455086935646605
series_4,203,11.083576720633225
series_4,204,11.240603135276153
series_4,205,13.294632482945994
series_4,206,13.868421822481597
series_4,207,14.54388351988081
series_4,208,14.538853177299222
series_4,209,13.551199971118006
series_4,210,12.097148451075931
series_4,211,11.504053804151512
series_4,212,9.911206719618955
series_4,213,8.719756601360109
series_4,214,9.752274077679193
series_4,215,11.447905932347048
series_4,216,11.41942307057734
series_4,217,13.679682081095677
series_4,218,15.287175981338597
series_4,219,15.138628972918452
series_5,0,9.411681616475617
series_5,1,11.354445528644144
series_5,2,12.516903078338386
series_5,3,13.078803507537206
series_5,4,11.77577755275008
series_5,5,9.756700578703654
series_5,6,10.02469242111977
series_5,7,7.447237346298288
series_5,8,5.597811125784737
series_5,9,3.895648783513886
series_5,10,4.907007199691338
series_5,11,5.962061350250735
series_5,12,9.978103581181243
series_5,13,12.500142752784516
series_5,14,12.8653644868396
series_5,15,15.185353955260275
series_5,16,14.733204939257265
series_5,17,12.417167945907424
series_5,18,8.352672762229512
series_5,19,9.15074113894352
series_5,20,6.350068894814141
series_5,21,4.843717003477752
series_5,22,6.886826837955468
series_5,23,10.196836539524343
series_5,24,12.250721001918775
series_5,25,13.53078538384741
series_5,26,14.588213811536674
series_5,27,15.147700494497524
series_5,28,14.657225635557799
series_5,29,12.98295781151822
series_5,30,10.873511330179761
series_5,31,8.793353589792778
series_5,32,6.78299462344008
series_5,33,6.299543915998337
series_5,34,5.647437645476996
series_5,35,7.600192508328804
series_5,36,9.031291966470624
series_5,37,10.529227110543156
series_5,38,12.709955861986808
series_5,39,14.657031321124188
series_5,40,14.635038112817282
series_5,41,11.612497268703564
series_5,42,9.359369626922446
series_5,43,8.87704466986747
series_5,44,6.769964001649564
series_5,45,6.46036402570732
series_5,46,7.654535107399514
series_5,47,8.143863253944557
series_5,48,10.332114699359003
series_5,49,11.191690327646015
series_5,50,12.57667369782791
series_5,51,13.848352175651469
series_5,52,12.29940015040251
series_5,53,12.045323212481657
series_5,54,10.499354368569627
series_5,55,9.323766363046849
series_5,56,8.10680714941761
series_5,57,8.598231258393819
series_5,58,8.62708779210839
series_5,59,9.239227663487108
series_5,60,11.07817909843981
series_5,61,13.231779236582568
series_5,62,14.354881835695124
series_5,63,14.737355832721427
series_5,64,13.629941258325482
series_5,65,12.025965572720398
series_5,66,9.505447580441478
series_5,67,9.851813979529584
series_5,68,7.349544393991959
series_5,69,6.654605223476623
series_5,70,6.9942830901801765
series_5,71,9.51368541436144
series_5,72,11.020282160975771
series_5,73,13.88636433388023
series_5,74,14.2643463798273
series_5,75,15.000952628656028
series_5,76,13.793116411495557
series_5,77,14.486405923684384
series_5,78,11.169297811066397
series_5,79,9.748753883254446
series_5,80,8.917564525823725
series_5,81,8.535408286620466
series_5,82,8.590202637350654
series_5,83,9.704847916406717
series_5,84,11.520859245011291
series_5,85,13.172247842502012
series_5,86,15.300252574052939
series_5,87,17.24562911099895
series_5,88,15.3872275991194
series_5,89,12.684396908538568
series_5,90,11.169625512187524
series_5,91,11.688081866261307
series_5,92,8.969581477437707
series_5,93,9.667831469680202
series_5,94,10.83373400950456
series_5,95,10.737023892958698
series_5,96,12.638375023198025
series_5,97,15.33741515269845
series_5,98,15.553447406846406
series_5,99,15.57841981743685
series_5,100,14.56373269805654
series_5,101,12.633603013001487
series_5,102,10.815810015419535
series_5,103,8.571588548662984
series_5,104,8.029485957811918
series_5,105,7.340869925442756
series_5,106,8.507473980550706
series_5,107,8.764440077263481
series_5,108,11.473885810349167
series_5,109,14.177013428184557
series_5,110,13.739527139062078
series_5,111,15.154778380084261
series_5,112,15.898798593344592
series_5,113,13.34355536184065
series_5,114,13.191432869472548
series_5,115,11.330621329886075
series_5,116,9.09614527331571
series_5,117,8.628792957789756
series_5,118,9.606743534378781
series_5,119,10.804659929572367
series_5,120,12.898285221699261
series_5,121,13.689202569066673
series_5,122,15.321896302327904
series_5,123,14.727982744070843
series_5,124,14.713514010246232
series_5,125,13.052067128102847
series_5,126,11.226046658723465
series_5,127,11.014277365800625
series_5,128,10.480472608160538
series_5,129,10.053979971509882
series_5,130,9.202221077874771
series_5,131,10.388949682263858
series_5,132,13.329756250117844
series_5,133,14.902353779809864
series_5,134,17.839916506318797
series_5,135,17.697481920848922
series_5,136,16.731140804749348
series_5,137,14.773431576456396
series_5,138,13.002040116675772
series_5,139,11.014550901243126
series_5,140,10.297298404662294
series_5,141,10.353376220311098
series_5,142,9.737052466961849
series_5,143,9.997822665264863
series_5,144,10.795985776035193
series_5,145,13.909208576231181
series_5,146,14.672561403172931
series_5,147,14.021921564776111
series_5,148,14.967083677614243
series_5,149,16.15710954987078
series_5,150,13.783250713828547
series_5,151,12.36509940957898
series_5,152,10.670746869997519
series_5,153,9.839866634690079
series_5,154,10.93870239952115
series_5,155,11.622237084728374
series_5,156,13.50567264611635
series_5,157,15.390660871769366
series_5,158,15.96806894488438
series_5,159,17.38172352453275
series_5,160,16.50836397830414
series_5,161,14.53867951283329
series_5,162,13.440304983284195
series_5,163,10.90800503382356
series_5,164,9.940560280589223
series_5,165,9.628754634577298
series_5,166,11.07796227201709
series_5,167,12.434912843367888
series_5,168,13.847019615783543
series_5,169,16.10062332998635
series_5,170,18.132855878843056
series_5,171,18.361726626267394
series_5,172,17.32497142229053
series_5,173,14.671276026470084
series_5,174,12.355997248656514
series_5,175,10.902692682000229
series_5,176,9.550685417493666
series_5,177,9.39284127940961
series_5,178,10.246574712495825
series_5,179,12.139687306699432
series_5,180,13.769658953552845
series_5,181,15.915814850244177
series_5,182,17.092705204047096
series_5,183,15.879760339475089
series_5,184,15.30787214589136
series_5,185,14.606706488326818
series_5,186,12.32765064021111
series_5,187,11.734282542337995
series_5,188,11.848699125248599
series_5,189,11.91892339113274
series_5,190,11.55885818699739
series_5,191,13.761701162922213
series_5,192,14.970465358552383
series_5,193,16.048123241478688
series_5,194,16.747234345139347
series_5,195,17.149225880212565
series_5,196,16.578168854631855
series_5,197,15.688141693148102
series_5,198,14.148644357356364
series_5,199,12.392931530543002
series_5,200,11.463254617766301
series_5,201,11.80526378682096
series_5,202,12.549267897582455
series_5,203,12.055348055334226
series_5,204,11.982477299427522
series_5,205,15.526426526732827
series_5,206,15.977496637686787
series_5,207,16.906460633801665
series_5,208,15.940817505175218
series_5,209,13.878935064916142
series_5,210,13.570226316619772
series_5,211,12.799310955955711
series_5,212,11.001777464517513
series_5,213,8.6464529401656
series_5,214,9.718788128394127
series_5,215,12.105501560189118
series_5,216,12.993617434305959
series_5,217,15.61133592451304
series_5,218,17.22921702330184
series_5,219,18.369205333067466
series_6,0,12.379970478309538
series_6,1,15.024632380029344
series_6,2,15.581857878320022
series_6,3,15.840004227498431
series_6,4,14.728366761638615
series_6,5,13.788024392045248
series_6,6,12.149166525700547
series_6,7,11.253802986939908
series_6,8,12.022621574759278
series_6,9,10.089217536191846
series_6,10,9.439510447943649
series_6,11,12.352498886165282
series_6,12,13.30999664703825
series_6,13,14.070433983506236
series_6,14,16.11845010021935
series_6,15,15.715121826048087
series_6,16,16.936372572659838
series_6,17,15.8747503510225
series_6,18,13.594617353467516
series_6,19,13.91905803283301
series_6,20,11.591522370909605
series_6,21,11.624906240846805
series_6,22,11.816843474965433
series_6,23,13.493028650417711
series_6,24,15.372284488393172
series_6,25,15.746776092719964
series_6,26,15.602539128622663
series_6,27,16.368851174460332
series_6,28,15.330868853125498
series_6,29,16.18896527964194
series_6,30,14.318585650779967
series_6,31,12.334234451617546
series_6,32,11.480225958269843
series_6,33,9.961037960931915
series_6,34,10.016213022558075
series_6,35,12.558347890008825
series_6,36,13.18535391945824
series_6,37,13.833110962322804
series_6,38,15.723358021855821
series_6,39,17.075265219527992
series_6,40,16.872535853006248
series_6,41,16.2251908748309
series_6,42,13.686628823937763
series_6,43,11.231148682161365
series_6,44,12.035499002459044
series_6,45,11.127883957443036
series_6,46,11.251872324165863
series_6,47,13.354683731050935
series_6,48,14.626022502404368
series_6,49,15.833963872832598
series_6,50,18.11020220689767
series_6,51,16.8928085620332
series_6,52,17.010880847821053
series_6,53,15.60872548706021
series_6,54,14.256940909016112
series_6,55,13.94632685362773
series_6,56,12.688988218723098
series_6,57,12.214018632937636
series_6,58,12.928436978861754
series_6,59,12.919026749760581
series_6,60,13.351838953974113
series_6,61,14.048140599624755
series_6,62,13.959044075105396
series_6,63,17.000802594450352
series_6,64,15.505333092510762
series_6,65,14.682909869787107
series_6,66,13.412929211233028
series_6,67,12.603489293768156
series_6,68,12.315047712434467
series_6,69,12.345388356684449
series_6,70,11.735175816482824
series_6,71,12.533275563456156
series_6,72,14.116878021164272
series_6,73,15.139250863197267
series_6,74,17.438434455316017
series_6,75,17.586456978979815
series_6,76,17.33857755608752
series_6,77,16.388944893190406
series_6,78,15.507041796822675
series_6,79,13.634084254202065
series_6,80,11.214573718754949
series_6,81,11.480041631768328
series_6,82,11.30368867308255
series_6,83,12.088373331926467
series_6,84,14.197360757825704
series_6,85,16.43409754285472
series_6,86,16.89385732112712
series_6,87,17.22739022540136
series_6,88,17.993656885577526
series_6,89,16.449406913717752
series_6,90,16.744671083653866
series_6,91,14.636790565826555
series_6,92,11.418794332885142
series_6,93,11.931306530436357
series_6,94,12.423972203003483
series_6,95,14.178368426206012
series_6,96,15.396418829031829
series_6,97,16.008160694550444
series_6,98,15.744524443216502
series_6,99,16.291481390380476
series_6,100,15.53863637445051
series_6,101,14.60519534360226
series_6,102,14.25835324697979
series_6,103,14.31716256195235
series_6,104,13.044455033041125
series_6,105,11.264839313929137
series_6,106,12.199241688209774
series_6,107,14.053558107678016
series_6,108,14.370667841323238
series_6,109,15.553083057334495
series_6,110,16.567982218000132
series_6,111,16.314775741206585
series_6,112,16.81379296944052
series_6,113,15.687100747118558
series_6,114,14.73885300420309
series_6,115,12.580418817188885
series_6,116,11.557698180101532
series_6,117,12.10582718122417
series_6,118,12.038223287043609
series_6,119,14.45998756293912
series_6,120,14.810201924638152
series_6,121,16.128336165418453
series_6,122,17.65977788152942
series_6,123,16.428779831740943
series_6,124,15.008876203626828
series_6,125,13.707530436527321
series_6,126,14.468461956042574
series_6,127,12.775337554844937
series_6,128,14.117824636284
series_6,129,12.445774866011018
series_6,130,12.721658875474269
series_6,131,14.724723368966123
series_6,132,16.93397440331607
series_6,133,18.74461327062884
series_6,134,19.278271507377035
series_6,135,19.27198159555632
series_6,136,18.40509160447287
series_6,137,17.34618652892742
series_6,138,14.936470969903954
series_6,139,12.865071484194138
series_6,140,12.178548703425289
series_6,141,11.836732688752281
series_6,142,11.96522152166682
series_6,143,13.726797685010949
series_6,144,15.64889935044423
series_6,145,16.57531833889848
series_6,146,18.45205922314294
series_6,147,17.18246525102897
series_6,148,16.77526576989103
series_6,149,15.38348758677006
series_6,150,12.947957952500408
series_6,151,12.50409517526687
series_6,152,11.964086480871776
series_6,153,13.138561077231152
series_6,154,13.560294258249181
series_6,155,13.227658766433139
series_6,156,16.17773789245761
series_6,157,17.815233793153386
series_6,158,18.431994523301746
series_6,159,17.968643131525972
series_6,160,16.62763314066144
series_6,161,15.648166903025725
series_6,162,15.511346566258664
series_6,163,15.448822483941619
series_6,164,14.861378140264467
series_6,165,13.077840537281746
series_6,166,12.193240761352127
series_6,167,13.527111623330144
series_6,168,13.496598375261065
series_6,169,15.794487932923769
series_6,170,16.88241292600021
series_6,171,17.051353003512876
series_6,172,15.71608065851243
series_6,173,15.956395722024148
series_6,174,14.435546521183976
series_6,175,12.521079072454373
series_6,176,9.900815614359228
series_6,177,10.982532854749056
series_6,178,13.502907177674512
series_6,179,15.475246334645261
series_6,180,15.602964587424394
series_6,181,16.192133397728956
series_6,182,17.642453521747587
series_6,183,17.07714172209143
series_6,184,17.31066400574489
series_6,185,17.035450895038277
series_6,186,16.457537409734716
series_6,187,14.471828748632518
series_6,188,13.094311072495522
series_6,189,11.994265613063083
series_6,190,12.003568057312012
series_6,191,13.265018445462427
series_6,192,15.200125303744668
series_6,193,17.263667564685306
series_6,194,17.23534080628374
series_6,195,18.926719390043722
series_6,196,17.859384467720584
series_6,197,16.749441533291513
series_6,198,14.796671657669066
series_6,199,11.830185164905007
series_6,200,12.6821661300015
series_6,201,13.14028011399996
series_6,202,13.088426048762534
series_6,203,14.117035722405786
series_6,204,15.817536703020178
series_6,205,15.661726668333044
series_6,206,16.702303780389773
series_6,207,18.160509577283463
series_6,208,16.746522677756765
series_6,209,16.49834881394279
series_6,210,14.245424276896351
series_6,211,13.925968038494098
series_6,212,13.078971118092532
series_6,213,11.525210237480984
series_6,214,13.486249114488299
series_6,215,13.74279954004097
series_6,216,14.630060456435949
series_6,217,16.531151538881492
series_6,218,18.551881648911753
series_6,219,17.719493343307807
series_7,0,11.877922658570276
series_7,1,13.66950726480102
series_7,2,14.64401088296181
series_7,3,14.588402560922047
series_7,4,13.531259346483582
series_7,5,12.702426102966186
series_7,6,10.593948162709488
series_7,7,7.1088636329398
series_7,8,6.922167943902833
series_7,9,7.609907292866074
series_7,10,6.241453612832041
series_7,11,6.755981194770843
series_7,12,8.96646600588538
series_7,13,12.213836052451684
series_7,14,13.250258708642411
series_7,15,13.084743698287706
series_7,16,12.735654912047423
series_7,17,13.043612396314744
series_7,18,11.243010629950437
series_7,19,9.384979567767452
series_7,20,8.193409863191334
series_7,21,7.24866077185246
series_7,22,7.921433579677194
series_7,23,10.34688007761094
series_7,24,11.890461930536944
series_7,25,12.941377544935515
series_7,26,13.647456043827384
series_7,27,12.77388483500041
series_7,28,13.324190040776907
series_7,29,12.406697233327568
series_7,30,11.064902371057155
series_7,31,12.431083401402745
series_7,32,11.501219095368947
series_7,33,10.322238825321334
series_7,34,10.188941354261631
series_7,35,11.96502185629294
series_7,36,13.15170225083731
series_7,37,13.108422381509689
series_7,38,14.771542170297177
series_7,39,14.4853069565833
series_7,40,15.627313227766553
series_7,41,15.363398116767478
series_7,42,13.455559232883203
series_7,43,13.008643822121133
series_7,44,11.832122850398731
series_7,45,11.904986765244697
series_7,46,12.315830906859642
series_7,47,12.244867400111744
series_7,48,12.800521187961058
series_7,49,14.783347063005515
series_7,50,15.247272568823332
series_7,51,15.123134485110755
series_7,52,13.933103598654613
series_7,53,13.359606044544508
series_7,54,13.713039425959868
series_7,55,11.364446294601981
series_7,56,10.362483844855948
series_7,57,11.071048861532557
series_7,58,11.14088108559755
series_7,59,12.26104521581401
series_7,60,12.488262828723128
series_7,61,14.036525704891417
series_7,62,14.718401506971956
series_7,63,15.77898720133412
series_7,64,16.231460420636147
series_7,65,17.118586264849107
series_7,66,15.835130755769091
series_7,67,14.350585034257367
series_7,68,13.128587946819438
series_7,69,12.095556022491415
series_7,70,12.383351445295888
series_7,71,12.76213401358675
series_7,72,13.921438123951914
series_7,73,16.01467416857784
series_7,74,15.807999167454184
series_7,75,16.86741538218279
series_7,76,17.29932634372356
series_7,77,15.898512832230603
series_7,78,12.611523963749049
series_7,79,10.782488871399519
series_7,80,10.887067478427511
series_7,81,10.400709442045317
series_7,82,9.833930570104965
series_7,83,10.365262214803185
series_7,84,12.36370631901651
series_7,85,14.039156051491219
series_7,86,14.696510339122405
series_7,87,14.694956766211591
series_7,88,14.033767981606607
series_7,89,12.397011147535505
series_7,90,12.536159181916606
series_7,91,10.953346771155772
series_7,92,10.981799887487716
series_7,93,11.727831830798236
series_7,94,12.60563952077959
series_7,95,12.865522711227008
series_7,96,14.217642399643255
series_7,97,15.218490199575761
series_7,98,15.208578291675819
series_7,99,15.706033372937306
series_7,100,14.300122938914553
series_7,101,14.32751533754144
series_7,102,12.575456961683086
series_7,103,11.415243137846659
series_7,104,10.648790308347083
series_7,105,10.019940341750942
series_7,106,10.785702463751955
series_7,107,11.241894381439584
series_7,108,13.175022502954441
series_7,109,13.254422724811565
series_7,110,14.317118094316658
series_7,111,16.223743222741692
series_7,112,14.906172056884794
series_7,113,13.375806090867524
series_7,114,12.53144202564266
series_7,115,11.367957726942265
series_7,116,10.669770019466338
series_7,117,10.645445926426918
series_7,118,11.381834536283815
series_7,119,13.041501824516736
series_7,120,14.394225133240992
series_7,121,15.217082324411955
series_7,122,16.485592921134955
series_7,123,18.10469829554758
series_7,124,17.260126005996195
series_7,125,15.213392660848895
series_7,126,14.627705486431886
series_7,127,12.976789944051228
series_7,128,10.072045391984068
series_7,129,10.41594098010489
series_7,130,10.252940829821174
series_7,131,11.098940359203835
series_7,132,12.635307995065162
series_7,133,14.027052368253704
series_7,134,15.479052496922968
series_7,135,15.361435501948712
series_7,136,15.377182127179568
series_7,137,14.141067090559796
series_7,138,13.400372240197747
series_7,139,12.49659956085527
series_7,140,10.6489139473008
series_7,141,11.121803656305488
series_7,142,10.880683369410768
series_7,143,12.377486854900827
series_7,144,13.794530081767704
series_7,145,16.37142812095762
series_7,146,16.799324154129863
series_7,147,16.597975749814154
series_7,148,16.04526346719556
series_7,149,14.701245319846988
series_7,150,13.949640237385001
series_7,151,11.202042490243276
series_7,152,9.42651779391724
series_7,153,8.334320310650469
series_7,154,9.631346038801535
series_7,155,12.011425909328425
series_7,156,13.104412319060016
series_7,157,14.168624667593573
series_7,158,15.109040917024917
series_7,159,16.331745707412196
series_7,160,15.093823839911305
series_7,161,14.307885961846823
series_7,162,13.753152596972296
series_7,163,12.73209629895696
series_7,164,11.772889137131832
series_7,165,12.05775723140479
series_7,166,9.985717465971646
series_7,167,11.504932528493265
series_7,168,12.228705158638597
series_7,169,12.079058477757041
series_7,170,13.63626790771369
series_7,171,15.216923334226657
series_7,172,14.755724973171695
series_7,173,14.59130815585672
series_7,174,14.520231963728273
series_7,175,14.06514183818977
series_7,176,14.112013502320806
series_7,177,13.912618359935415
series_7,178,13.845539744900819
series_7,179,13.077987716949119
series_7,180,13.944624234740436
series_7,181,14.383887921046757
series_7,182,16.99595049832821
series_7,183,16.935172453679115
series_7,184,16.48121344163945
series_7,185,15.793517632911593
series_7,186,14.329255994541516
series_7,187,14.210219468671044
series_7,188,12.43789262296454
series_7,189,12.013604201934072
series_7,190,11.532797531618893
series_7,191,11.28193577305236
series_7,192,12.084024646832887
series_7,193,13.40415883863787
series_7,194,14.064322510099059
series_7,195,13.957053977374022
series_7,196,12.651893992549399
series_7,197,11.93292350870197
series_7,198,9.710222158104923
series_7,199,9.416057799844689
series_7,200,8.802063788316971
series_7,201,7.508809808169369
series_7,202,7.933525280827837
series_7,203,8.585252322284061
series_7,204,10.470133304213293
series_7,205,13.098022504347549
series_7,206,12.647502101137885
series_7,207,13.367882584720961
series_7,208,13.140257529549014
series_7,209,12.973800954758637
series_7,210,12.006896451205126
series_7,211,10.23116912860641
series_7,212,9.205022610264322
series_7,213,8.400379426478708
series_7,214,9.832970303166508
series_7,215,10.880053901469584
series_7,216,13.75883386316651
series_7,217,14.872707112698448
series_7,218,15.147421901740987
series_7,219,14.268039159866003
series_8,0,7.793742473725703
series_8,1,9.125412178050466
series_8,2,10.20586487415463
series_8,3,9.096514586118861
series_8,4,10.182369156428487
series_8,5,9.415011343477753
series_8,6,9.151333552002942
series_8,7,9.949244767437852
series_8,8,9.791068276283857
series_8,9,8.875554030753946
series_8,10,8.089599719007225
series_8,11,6.9531780006507855
series_8,12,7.756320871046082
series_8,13,8.887622588172142
series_8,14,9.03414202528656
series_8,15,9.722993236176723
series_8,16,10.069631963532904
series_8,17,9.721354449958593
series_8,18,8.864275844814557
series_8,19,8.789931670885444
series_8,20,8.90110173215996
series_8,21,7.8530742928518675
series_8,22,9.487074776650667
series_8,23,9.598608665668664
series_8,24,10.095818848408047
series_8,25,11.189253715194141
series_8,26,11.553970503777299
series_8,27,12.264496720817897
series_8,28,11.924799513989965
series_8,29,10.687827044397267
series_8,30,10.418600702063461
series_8,31,8.836668141451344
series_8,32,8.829537358001769
series_8,33,8.823208946295425
series_8,34,8.939145180718796
series_8,35,9.414193854553911
series_8,36,8.632177510641379
series_8,37,9.475673832580437
series_8,38,10.58418799646205
series_8,39,11.217159549196873
series_8,40,10.413871308325966
series_8,41,11.454038414469771
series_8,42,10.061826686745261
series_8,43,10.481065897831733
series_8,44,10.234947636228247
series_8,45,9.340405007549283
series_8,46,11.002351031089477
series_8,47,9.963053895999401
series_8,48,11.368378018129002
series_8,49,12.518493371157101
series_8,50,11.96014030899505
series_8,51,13.193225452965155
series_8,52,12.3848061612421
series_8,53,12.018190754787105
series_8,54,11.467566387319264
series_8,55,10.60584404731263
series_8,56,10.783646151571954
series_8,57,10.987479175429653
series_8,58,9.335379720042539
series_8,59,11.131820812475054
series_8,60,10.169148092670737
series_8,61,11.994147586727122
series_8,62,13.25164781742795
series_8,63,12.145962929171043
series_8,64,11.797147819361198
series_8,65,10.71845999538593
series_8,66,10.477358170587937
series_8,67,10.041936562961048
series_8,68,10.58871826658938
series_8,69,11.4515662331483
series_8,70,12.295458119232414
series_8,71,11.575861430348032
series_8,72,11.764482677859192
series_8,73,10.942524052609405
series_8,74,11.243935754608836
series_8,75,12.75724804370142
series_8,76,13.95099209982979
series_8,77,12.070683683339874
series_8,78,11.151113230650722
series_8,79,10.837321467694148
series_8,80,10.831932507781179
series_8,81,10.068265677873029
series_8,82,10.858173301211332
series_8,83,10.95425650700506
series_8,84,11.71578701778227
series_8,85,12.864376317616731
series_8,86,13.210183152302418
series_8,87,12.979218751399367
series_8,88,12.87076414462383
series_8,89,12.50871577271149
series_8,90,11.758201355490975
series_8,91,11.181626117736839
series_8,92,12.259800154002475
series_8,93,12.18570692275213
series_8,94,11.71591114152505
series_8,95,12.570990770832648
series_8,96,12.594253707555156
series_8,97,14.05834323422989
series_8,98,14.381915074643144
series_8,99,14.110345753091988
series_8,100,14.160204788559517
series_8,101,12.260952144692336
series_8,102,11.171832766096315
series_8,103,10.250082081842601
series_8,104,10.70538958118756
series_8,105,12.36067717505729
series_8,106,14.009156542796484
series_8,107,14.062365622289066
series_8,108,14.320983497392174
series_8,109,12.878732422168905
series_8,110,13.113877135129496
series_8,111,12.974898072451042
series_8,112,12.793576490237983
series_8,113,12.733121006311311
series_8,114,12.145112771085493
series_8,115,10.370972875244252
series_8,116,11.428846153214103
series_8,117,10.716273120135758
series_8,118,11.599393838275345
series_8,119,13.937405140975535
series_8,120,13.277270068767868
series_8,121,11.838426739759262
series_8,122,12.864328694339152
series_8,123,14.503862069644118
series_8,124,15.938408535361827
series_8,125,13.93172175739368
series_8,126,13.804071515359139
series_8,127,12.741374024268248
series_8,128,12.330393999170632
series_8,129,14.396238787265393
series_8,130,12.573342206436092
series_8,131,13.230721035700016
series_8,132,14.131545677845775
series_8,133,15.409314751305532
series_8,134,15.474014960280426
series_8,135,15.59725614494285
series_8,136,14.879427615826517
series_8,137,14.66461155018371
series_8,138,13.73760151574339
series_8,139,13.738325596319735
series_8,140,12.882810065530373
series_8,141,13.079968772453464
series_8,142,13.132404228581516
series_8,143,14.430067972979614
series_8,144,14.60064926609129
series_8,145,13.569965250686062
series_8,146,15.472472975174012
series_8,147,14.792500923897135
series_8,148,14.355702680962668
series_8,149,13.826799446440113
series_8,150,14.77790788960324
series_8,151,12.321799470662793
series_8,152,15.00884248205246
series_8,153,15.061642144332495
series_8,154,14.686590690765204
series_8,155,14.58187098901794
series_8,156,15.12817509699126
series_8,157,15.887929766724387
series_8,158,16.53238716021832
series_8,159,16.76256608385638
series_8,160,16.295623951463195
series_8,161,15.472676095158672
series_8,162,14.708725682755691
series_8,163,14.000236079057697
series_8,164,14.57651668267186
series_8,165,14.600314995480696
series_8,166,12.047019478283818
series_8,167,13.739301236559527
series_8,168,14.718877914834637
series_8,169,15.378508286411627
series_8,170,15.567971527664003
series_8,171,16.807868968123422
series_8,172,17.176263707669552
series_8,173,15.706038742397627
series_8,174,15.462124385940811
series_8,175,13.996544339309342
series_8,176,12.730791624167782
series_8,177,12.687590748203029
series_8,178,14.112676206342504
series_8,179,15.379485713941866
series_8,180,16.12154041122501
series_8,181,16.979502731672746
series_8,182,17.416277360142548
series_8,183,16.667828085996145
series_8,184,16.84723268935642
series_8,185,16.93510915712435
series_8,186,16.642062633420696
series_8,187,16.59776760928811
series_8,188,16.12378992192036
series_8,189,15.666245783909364
series_8,190,16.22723722448177
series_8,191,16.02741729576629
series_8,192,15.560212631967026
series_8,193,16.10050543899638
series_8,194,16.048986963033666
series_8,195,15.990457818229025
series_8,196,16.148222069628385
series_8,197,15.410047554253307
series_8,198,15.047504119448515
series_8,199,13.345431507788778
series_8,200,13.950157896284615
series_8,201,14.253466203210149
series_8,202,14.039831791513997
series_8,203,15.435209283972648
series_8,204,16.82883575110185
series_8,205,15.870709676868678
series_8,206,16.06451015993961
series_8,207,16.091762168944246
series_8,208,15.739685157038128
series_8,209,16.630461454656526
series_8,210,16.035783062713964
series_8,211,15.406871001246024
series_8,212,13.57631629854976
series_8,213,14.704481282489567
series_8,214,14.13898503070421
series_8,215,15.182243173354562
series_8,216,16.31660679649681
series_8,217,18.10617724310296
series_8,218,17.131581432451064
series_8,219,15.0967418329414
series_9,0,12.525529032380613
series_9,1,14.048677910399501
series_9,2,14.290818543921572
series_9,3,13.773839016134989
series_9,4,14.08520741296908
series_9,5,11.998445955059706
series_9,6,11.354490948233867
series_9,7,10.366650824266587
series_9,8,10.000951040768783
series_9,9,11.281745819457893
series_9,10,10.472517617795805
series_9,11,10.213736881912379
series_9,12,11.388960677417044
series_9,13,11.259585028670703
series_9,14,12.455314703154622
series_9,15,13.148576402497563
series_9,16,12.86322493604551
series_9,17,12.478794781350945
series_9,18,10.6464093740556
series_9,19,10.66553395115563
series_9,20,9.403800672298631
series_9,21,8.921971002909814
series_9,22,8.973739944843912
series_9,23,10.2025265764375
series_9,24,12.183492966942104
series_9,25,12.450744952752094
series_9,26,13.129244362668853
series_9,27,13.649397732672522
series_9,28,12.545774906492172
series_9,29,11.680341954992786
series_9,30,10.689918589344584
series_9,31,10.606365087091035
series_9,32,9.706512120182746
series_9,33,9.336824698562776
series_9,34,10.218808833938548
series_9,35,10.636921308322457
series_9,36,12.146445287902372
series_9,37,13.16446279773252
series_9,38,14.30196388764265
series_9,39,14.062685427793783
series_9,40,11.972761520862074
series_9,41,12.09437108163537
series_9,42,12.510764625152046
series_9,43,11.570386194925302
series_9,44,10.813187182059258
series_9,45,10.778222859806792
series_9,46,10.364109867430646
series_9,47,11.087740773324365
series_9,48,11.65785989127477
series_9,49,12.897489816271134
series_9,50,14.583405997026809
series_9,51,15.735154331933622
series_9,52,14.669333095614808
series_9,53,13.150698782485378
series_9,54,11.958133522734823
series_9,55,11.185421026260752
series_9,56,8.83482534213497
series_9,57,7.198178478754666
series_9,58,8.391667318564487
series_9,59,9.201735665379497
series_9,60,11.032035238878091
series_9,61,12.87486211269792
series_9,62,13.837145585182165
series_9,63,15.723605553616292
series_9,64,15.156130773137052
series_9,65,14.0850164269423
series_9,66,12.986773581939278
series_9,67,10.3663144154578
series_9,68,10.578633182559813
series_9,69,9.863071646598176
series_9,70,10.66355602036726
series_9,71,10.442444636299765
series_9,72,10.862060872935485
series_9,73,13.691322858210953
series_9,74,14.980153284477149
series_9,75,14.463390963746551
series_9,76,13.76175897612346
series_9,77,14.2485298538163
series_9,78,11.728585739669393
series_9,79,12.155168243572124
series_9,80,9.93528774705836
series_9,81,10.269402201675573
series_9,82,10.162549860620047
series_9,83,11.6803064472749
series_9,84,12.33504059767086
series_9,85,13.675808450756508
series_9,86,14.823855645120796
series_9,87,14.43324313912078
series_9,88,15.155785197172124
series_9,89,13.671797212277905
series_9,90,12.361640021403929
series_9,91,10.44388650738896
series_9,92,7.96959639719268
series_9,93,8.857263446675
series_9,94,11.851240736593805
series_9,95,12.689674260969488
series_9,96,13.31934310053892
series_9,97,14.149087308695847
series_9,98,15.136913322674166
series_9,99,15.929796145306517
series_9,100,14.397911023669339
series_9,101,14.75828450843133
series_9,102,13.715280782553657
series_9,103,12.530276772219338
series_9,104,11.410000228327815
series_9,105,10.663120193689034
series_9,106,11.375382095598155
series_9,107,12.444366907759274
series_9,108,13.062195885843677
series_9,109,13.905970159757484
series_9,110,15.212069327018044
series_9,111,16.883428399822776
series_9,112,14.891096701361683
series_9,113,13.029412986444354
series_9,114,12.630700257462262
series_9,115,11.636707761220864
series_9,116,10.922464040413324
series_9,117,10.746360388174375
series_9,118,10.814210632222354
series_9,119,13.034078874026601
series_9,120,12.443912554756736
series_9,121,13.548120537000583
series_9,122,15.008987749501596
series_9,123,14.358974345724368
series_9,124,14.74648962420977
series_9,125,15.5877297801534
series_9,126,13.763638728399233
series_9,127,12.399515018421127
series_9,128,10.23126063713459
series_9,129,9.871992492445294
series_9,130,10.425660688049351
series_9,131,11.535473929525342
series_9,132,14.207493252967817
series_9,133,15.554357459472094
series_9,134,15.206806359637808
series_9,135,16.076976969520874
series_9,136,16.162921420085706
series_9,137,15.914747469250386
series_9,138,15.27463099484704
series_9,139,12.188687167113754
series_9,140,10.616600789817987
series_9,141,9.64802847165604
series_9,142,10.558698693351259
series_9,143,12.340389968772
series_9,144,14.446232001973232
series_9,145,15.271751375712636
series_9,146,15.834310209764768
series_9,147,16.397066020543893
series_9,148,15.356440699401785
series_9,149,16.437266126147424
series_9,150,13.073621585868219
series_9,151,12.29609591622674
series_9,152,13.050517734397049
series_9,153,11.85266554024496
series_9,154,11.685827107444448
series_9,155,12.297739395063692
series_9,156,13.61216931768727
series_9,157,16.181624768216455
series_9,158,14.841207102054351
series_9,159,17.183048946676145
series_9,160,15.351219466713234
series_9,161,14.668950750952186
series_9,162,13.354862442863949
series_9,163,12.862211675836782
series_9,164,10.521926531302954
series_9,165,11.21992868009184
series_9,166,13.296993643733476
series_9,167,12.323176005270701
series_9,168,14.03841569814763
series_9,169,14.860823078187675
series_9,170,16.487421161363784
series_9,171,16.817107674797104
series_9,172,15.934631732633495
series_9,173,15.648997394255725
series_9,174,15.693215368017746
series_9,175,13.389604386956607
series_9,176,12.727935459969538
series_9,177,10.908121397075199
series_9,178,10.893724591415433
series_9,179,12.849915213066785
series_9,180,15.425358260976065
series_9,181,16.405959213099496
series_9,182,16.69714236837441
series_9,183,17.01272346143585
series_9,184,15.652770623295437
series_9,185,15.736856120139139
series_9,186,15.113321017321079
series_9,187,13.04366445443932
series_9,188,11.742358917570531
series_9,189,11.839406505616694
series_9,190,11.839456225500166
series_9,191,12.955418298657664
series_9,192,16.083347777764445
series_9,193,16.333189100020032
series_9,194,16.747741886843716
series_9,195,16.636530476047522
series_9,196,17.20136193317405
series_9,197,15.910666835395473
series_9,198,14.083608163924175
series_9,199,14.126864837224344
series_9,200,13.85108015852153
series_9,201,12.195977010403027
series_9,202,10.971911900067195
series_9,203,13.550392236052346
series_9,204,14.237396104785699
series_9,205,16.467553446914525
series_9,206,15.636573588631716
series_9,207,17.497176862136747
series_9,208,16.135853202852687
series_9,209,16.28894408730377
series_9,210,14.900417024397251
series_9,211,12.786105065313562
series_9,212,11.916975102930527
series_9,213,12.490708025391493
series_9,214,12.798878822222239
series_9,215,14.137173211722791
series_9,216,16.744166142707506
series_9,217,15.808947813074795
series_9,218,18.334697300919508
series_9,219,18.176324550093902
series_10,0,8.008913713783883
series_10,1,9.085639900802061
series_10,2,10.766774002815476
series_10,3,10.910403467525832
series_10,4,11.909401133061765
series_10,5,9.776540149139148
series_10,6,8.961157873361964
series_10,7,7.132260491827474
series_10,8,7.099894469755253
series_10,9,7.739637063676269
series_10,10,7.583598653184353
series_10,11,6.221053141710718
series_10,12,7.913159513696679
series_10,13,9.58569014257193
series_10,14,10.78324685695965
series_10,15,12.081614606454599
series_10,16,10.75949692032847
series_10,17,10.7184638062902
series_10,18,10.674835340006599
series_10,19,8.019578089643595
series_10,20,7.775209696733519
series_10,21,7.183923915909662
series_10,22,7.5216271349731665
series_10,23,8.60636627669429
series_10,24,9.158340030729724
series_10,25,9.66510361024389
series_10,26,10.613209166479686
series_10,27,10.168819869371038
series_10,28,9.432628909184443
series_10,29,9.826587389196673
series_10,30,8.22525691760331
series_10,31,8.272147791240261
series_10,32,8.140895507017358
series_10,33,6.539782761583115
series_10,34,6.6474635319427895
series_10,35,8.719788554208423
series_10,36,8.913867988538456
series_10,37,9.725929980570415
series_10,38,11.068166559829661
series_10,39,12.0630668245938
series_10,40,11.53895148321136
series_10,41,10.397385816299298
series_10,42,10.76372311998597
series_10,43,11.03512753920581
series_10,44,10.621227929556838
series_10,45,9.851539761691859
series_10,46,9.007197134475945
series_10,47,8.875763625675447
series_10,48,10.298271143088433
series_10,49,11.502253852847955
series_10,50,13.17338689478811
series_10,51,13.548222360806031
series_10,52,11.680682669193322
series_10,53,11.888107745035384
series_10,54,9.974369674021561
series_10,55,8.834456851230739
series_10,56,8.515006596834334
series_10,57,9.924847121012288
series_10,58,12.263403688827442
series_10,59,12.449607878274268
series_10,60,12.387586153780356
series_10,61,13.17514204343832
series_10,62,14.040999053265288
series_10,63,13.467572903740711
series_10,64,14.329605578333796
series_10,65,13.21541864024241
series_10,66,12.19979503514306
series_10,67,11.352835260645376
series_10,68,10.542494595413393
series_10,69,10.53474324667336
series_10,70,9.791483940771245
series_10,71,9.798076354519026
series_10,72,9.804580510832146
series_10,73,11.299269328277889
series_10,74,12.665681779966286
series_10,75,13.16407582660451
series_10,76,14.082116124832655
series_10,77,12.916485794436777
series_10,78,12.188981254481789
series_10,79,10.007542593981949
series_10,80,8.991015326534086
series_10,81,9.366339211523067
series_10,82,10.187995965681953
series_10,83,10.365003684120532
series_10,84,11.106159299386244
series_10,85,10.743537598431415
series_10,86,11.423532959899383
series_10,87,12.68024622098343
series_10,88,12.921322617930848
series_10,89,12.550428290826117
series_10,90,11.497637494344211
series_10,91,10.455078299178979
series_10,92,9.164807259975117
series_10,93,9.563319579617453
series_10,94,10.056614560717522
series_10,95,10.967383339065579
series_10,96,11.246991195082984
series_10,97,10.405667408515072
series_10,98,12.41109929247567
series_10,99,12.367887101568298
series_10,100,11.613613038826315
series_10,101,11.82733554399737
series_10,102,10.689766272912392
series_10,103,10.781607519559032
series_10,104,10.491504133102646
series_10,105,10.57945051765436
series_10,106,9.430752126362556
series_10,107,11.159215921537086
series_10,108,12.084217608218072
series_10,109,12.507184257184454
series_10,110,13.236916732211863
series_10,111,11.995980061233134
series_10,112,12.430355065801695
series_10,113,11.108501401252052
series_10,114,9.469878592839391
series_10,115,7.9019565219442915
series_10,116,8.873593060684154
series_10,117,8.427446949888559
series_10,118,10.262408712100546
series_10,119,10.431254675539197
series_10,120,10.051366874020198
series_10,121,10.507489249159725
series_10,122,12.732942333665322
series_10,123,12.996313756799221
series_10,124,12.457056032846216
series_10,125,12.147958107723152
series_10,126,11.773994935447694
series_10,127,11.7491485327094
series_10,128,11.993860110544354
series_10,129,10.968816873395392
series_10,130,9.8815989117866
series_10,131,10.322282789662864
series_10,132,11.615279300619498
series_10,133,11.829637274858738
series_10,134,12.003619968228946
series_10,135,12.93711405230862
series_10,136,12.88256993105685
series_10,137,12.42262003342481
series_10,138,11.03308782693267
series_10,139,10.20358016497418
series_10,140,9.046268208323882
series_10,141,9.905186296602905
series_10,142,11.069855521788936
series_10,143,10.104297686424848
series_10,144,10.574389691946934
series_10,145,10.719090406128336
series_10,146,11.514602157230152
series_10,147,12.310216745110312
series_10,148,11.376919500996229
series_10,149,10.638364490788966
series_10,150,9.614650251000837
series_10,151,9.596272689943959
series_10,152,9.470444984627035
series_10,153,8.991109185520127
series_10,154,9.790515990851006
series_10,155,10.287082984006842
series_10,156,11.30152776519709
series_10,157,13.849703812099477
series_10,158,15.440248636425085
series_10,159,14.245673026972009
series_10,160,14.669125265089821
series_10,161,14.475121035794354
series_10,162,12.343275058255994
series_10,163,12.127948220946601
series_10,164,12.545312819725922
series_10,165,10.963396545554172
series_10,166,10.410403619656618
series_10,167,12.05560154203519
series_10,168,13.083992055543298
series_10,169,14.310155201542374
series_10,170,15.0420632212554
series_10,171,15.378484623384454
series_10,172,13.832246775563068
series_10,173,14.127105269568741
series_10,174,14.01443936111677
series_10,175,12.56693317392364
series_10,176,11.666369350193063
series_10,177,10.069364662279723
series_10,178,10.977713272118702
series_10,179,12.178129690969799
series_10,180,12.97430754579635
series_10,181,14.757743025412529
series_10,182,14.894736848087597
series_10,183,15.479669346983867
series_10,184,14.219518115682678
series_10,185,13.619184325534675
series_10,186,12.640493153519836
series_10,187,12.005434440196177
series_10,188,11.067981365081915
series_10,189,10.824839575155647
series_10,190,11.842273886382246
series_10,191,12.065109633864008
series_10,192,11.725671960928572
series_10,193,14.423317210177116
series_10,194,16.093874296090895
series_10,195,14.930238507329497
series_10,196,15.25819752311125
series_10,197,14.055637870861052
series_10,198,13.375118783092294
series_10,199,12.660612096931422
series_10,200,11.718650146475259
series_10,201,10.842316959727693
series_10,202,10.71027605551064
series_10,203,10.93133086163024
series_10,204,11.593950944840051
series_10,205,12.943252804707972
series_10,206,13.414081408950775
series_10,207,14.639807010306793
series_10,208,15.754765289769523
series_10,209,14.421813075025803
series_10,210,13.689366993751111
series_10,211,13.120932225708422
series_10,212,12.68539530503746
series_10,213,12.298049425716249
series_10,214,12.978535038964793
series_10,215,13.759530606486026
series_10,216,13.383776744385353
series_10,217,15.055677511058983
series_10,218,16.293241450352788
series_10,219,15.634898193040843
series_11,0,9.615203687108343
series_11,1,10.398958016770289
series_11,2,12.153327953827263
series_11,3,13.87368945100034
series_11,4,11.594366326804831
series_11,5,9.38722171329697
series_11,6,8.939947314002248
series_11,7,8.353835920613529
series_11,8,6.952457359545718
series_11,9,7.765974675283105
series_11,10,6.3549335082875915
series_11,11,8.179544792599028
series_11,12,8.782927098310452
series_11,13,11.635210734882573
series_11,14,13.444572089409972
series_11,15,11.947804938398203
series_11,16,11.020912670786528
series_11,17,10.980923452461916
series_11,18,9.091813216448283
series_11,19,7.843819157730865
series_11,20,6.985102098771149
series_11,21,5.121489697308839
series_11,22,6.352585720820461
series_11,23,7.112702297148903
series_11,24,8.468632535134779
series_11,25,11.323846305531076
series_11,26,10.755808079294946
series_11,27,12.131073374650853
series_11,28,11.354041133497336
series_11,29,10.248570772952801
series_11,30,9.768770215657169
series_11,31,8.474647921682633
series_11,32,7.724510877374144
series_11,33,7.7802691935351795
series_11,34,7.247237151682511
series_11,35,7.587904912059137
series_11,36,8.233363079018755
series_11,37,9.450788040826623
series_11,38,13.37971422190986
series_11,39,13.61034305505482
series_11,40,11.153273596145041
series_11,41,9.37097123840145
series_11,42,9.196370952799633
series_11,43,8.442054019505209
series_11,44,7.733793367814794
series_11,45,6.845879806597439
series_11,46,7.062651673004365
series_11,47,8.303302485707773
series_11,48,9.508681514233473
series_11,49,8.907575918235835
series_11,50,10.650401616709768
series_11,51,10.835949626857417
series_11,52,11.25798460971392
series_11,53,12.901049400114392
series_11,54,10.616712659181434
series_11,55,8.38577453603388
series_11,56,8.048919431056529
series_11,57,7.607615793659127
series_11,58,7.856891536685049
series_11,59,8.897830207535645
series_11,60,11.373298137564035
series_11,61,10.595867990031618
series_11,62,11.95720447991798
series_11,63,11.360994644102288
series_11,64,11.821356273213663
series_11,65,10.053001031742717
series_11,66,8.841811472189116
series_11,67,7.700870520399609
series_11,68,7.846866655812614
series_11,69,7.912251953535349
series_11,70,6.69149012338541
series_11,71,8.010725463541004
series_11,72,8.830842337032715
series_11,73,9.474145834838554
series_11,74,10.977322343037049
series_11,75,11.487079820367647
series_11,76,13.411134260449316
series_11,77,11.837307691968164
series_11,78,8.85769435273817
series_11,79,7.5319977521970465
series_11,80,7.853174695259472
series_11,81,8.891125623353778
series_11,82,6.867597173548625
series_11,83,6.576506373135464
series_11,84,10.337643849758152
series_11,85,11.461040006617857
series_11,86,11.324838583519526
series_11,87,12.346692967495189
series_11,88,9.759766133114258
series_11,89,10.011735151844512
series_11,90,9.501265916511212
series_11,91,9.031774319381435
series_11,92,6.890421685122881
series_11,93,6.927828315429605
series_11,94,6.617850947938165
series_11,95,8.220893666959663
series_11,96,8.850349412494753
series_11,97,10.243107778934116
series_11,98,10.755350193011287
series_11,99,12.242747453037527
series_11,100,12.552046444662453
series_11,101,11.025619176929542
series_11,102,9.732514060674658
series_11,103,7.270139640780647
series_11,104,6.76767175052545
series_11,105,6.808197056136886
series_11,106,9.445207378014693
series_11,107,8.345916230760904
series_11,108,10.830340201693575
series_11,109,12.232734417748732
series_11,110,12.64618751104653
series_11,111,13.95722808032179
series_11,112,12.917944740264105
series_11,113,11.717429627676406
series_11,114,9.988077905867707
series_11,115,9.554659013396954
series_11,116,8.877197286648892
series_11,117,7.2674774656568495
series_11,118,6.52489031198957
series_11,119,7.895956036236128
series_11,120,8.871644451886091
series_11,121,10.608152832149663
series_11,122,12.774637313231722
series_11,123,12.278291033900373
series_11,124,11.926350726543882
series_11,125,11.079404591500262
series_11,126,10.48359678692467
series_11,127,7.025114459495358
series_11,128,6.500415044833106
series_11,129,6.986482182974301
series_11,130,8.463465111674441
series_11,131,8.513212310323933
series_11,132,8.308004245123367
series_11,133,10.960028362145062
series_11,134,11.463337813958567
series_11,135,11.186006433661971
series_11,136,11.046042019897516
series_11,137,10.558642140213223
series_11,138,9.144217661020916
series_11,139,6.540074833069719
series_11,140,7.541481446979236
series_11,141,8.311601560016314
series_11,142,8.617279981786153
series_11,143,8.100960420432674
series_11,144,9.516449666652104
series_11,145,11.00306432071804
series_11,146,12.508857137794408
series_11,147,13.14851475458986
series_11,148,11.816550264452701
series_11,149,11.133316656053221
series_11,150,10.273657618321815
series_11,151,9.980272423356473
series_11,152,8.86181412058296
series_11,153,8.513611869486901
series_11,154,8.287589778702179
series_11,155,10.04229053221255
series_11,156,10.854995469219691
series_11,157,10.917668607307968
series_11,158,13.157171748860394
series_11,159,13.482683484364378
series_11,160,12.229013511166475
series_11,161,10.896324167185394
series_11,162,10.08655120618399
series_11,163,9.148416058333183
series_11,164,8.149517218846862
series_11,165,7.87472914219959
series_11,166,9.354414480243822
series_11,167,10.256141986879928
series_11,168,10.809096052188066
series_11,169,12.380706504108582
series_11,170,11.858611661615859
series_11,171,12.741620631930301
series_11,172,13.762217730532521
series_11,173,11.784887313605902
series_11,174,9.581855366286254
series_11,175,8.0860561664956
series_11,176,6.717360693049168
series_11,177,6.4410979940008835
series_11,178,7.140652687836995
series_11,179,7.391848680819923
series_11,180,9.515287759347107
series_11,181,11.8503788011022
series_11,182,11.777599652303056
series_11,183,13.645187727363403
series_11,184,13.140332808704313
series_11,185,12.564794536489815
series_11,186,10.099070835230156
series_11,187,9.547214209744277
series_11,188,7.364891353244084
series_11,189,8.091297215583806
series_11,190,8.302708237858786
series_11,191,9.48358673378374
series_11,192,9.47456082405495
series_11,193,10.435776562620134
series_11,194,12.432130404440564
series_11,195,11.984192031978138
series_11,196,12.450092513925089
series_11,197,10.399130320573835
series_11,198,10.441323282284838
series_11,199,8.060504688001622
series_11,200,8.100762044997667
series_11,201,8.226622270193154
series_11,202,7.704486086499306
series_11,203,9.297477430355585
series_11,204,10.586059643852055
series_11,205,11.22436665444422
series_11,206,11.516499709260007
series_11,207,10.831321105394233
series_11,208,11.918899587122294
series_11,209,10.05981147180385
series_11,210,9.737859604211685
series_11,211,8.582762787254566
series_11,212,8.460205204632217
series_11,213,7.674576787114059
series_11,214,7.808465558188346
series_11,215,9.500952373964688
series_11,216,10.770828911186657
series_11,217,12.025643660028758
series_11,218,13.073041992591838
series_11,219,11.86209846828183
